vishal@1,vishal,vishal@1,15-01-2001,test,vetti,1234567891
vishal@10,ram,vishal@10,15-01-2010,test,vetti,1234567900
vishal@11,sita,vishal@11,13-09-2006,hello,hell,1212345456
vishal@12,vishnu,vishal@12,15-01-2012,test,vetti,1234567902
vishal@13,aravind,vishal@13,15-01-2013,test,vetti,1234567903
vishal@14,vishal,vishal@14,15-01-2014,test,vetti,1234567904
vishal@15,usha,vishal@15,15-01-2015,test,vetti,1234567905
vishal@17,ravi,vishal@17,15-01-2017,test,vetti,1234567907
vishal@18,ratha,vishal@18,15-01-2018,test,vetti,1234567908
vishal@19,geetha,vishal@19,15-01-2019,test,vetti,1234567909
vishal@2,vishal,vishal@2,17-01-2002,test,vetti,1234567892
vishal@3,varun,vishal@3,15-01-2003,test,vetti,1234567893
vishal@4,madhu,vishal@4,15-01-2004,test,vetti,1234567894
vishal@5,sarath,vishal@5,15-01-2005,test,vetti,1234567895
vishal@6,krishna,vishal@6,15-01-2006,test,vetti,1234567896
vishal@7,gopal,vishal@7,15-01-2007,test,vetti,1234567897
vishal@8,jai,vishal@8,15-01-2008,test,vetti,1234567898
vishal@9,vijay,vishal@9,15-01-2009,test,vetti,1234567899
vishal@20,ram,vishal@20,04-12-2010,hello,hello,1212345456
